rand_point_id	fid	roi_id	macroclass_id	class_id	B2	B3	B4	B5	B6	B7	B8	B11	longitud	latitud
0	1	s20260528_110358141717_451	1	1	2442	1614	3038	3562	1138	1309	1188	3592	-44.179	-20.131
1	1	s20260528_110358141717_451	1	1	2431	1641	3060	3499	1142	1314	1184	3424	-44.179	-20.131
2	1	s20260528_110358141717_451	1	1	2428	1623	3045	3524	1132	1326	1177	3443	-44.179	-20.131
3	1	s20260528_110358141717_451	1	1	2441	1611	3018	3523	1163	1336	1192	3547	-44.179	-20.131
4	1	s20260528_110358141717_451	1	1	2445	1675	3141	3647	1152	1320	1183	3664	-44.178	-20.131
5	1	s20260528_110358141717_451	1	1	2430	1607	2992	3484	1133	1280	1176	3473	-44.179	-20.131
6	1	s20260528_110358141717_451	1	1	2431	1634	3074	3566	1160	1330	1186	3669	-44.179	-20.131
7	1	s20260528_110358141717_451	1	1	2441	1611	3018	3523	1163	1336	1192	3547	-44.179	-20.131
8	1	s20260528_110358141717_451	1	1	2447	1657	3136	3704	1163	1342	1199	3894	-44.179	-20.131
9	1	s20260528_110358141717_451	1	1	2429	1625	3019	3523	1160	1330	1197	3653	-44.178	-20.131
10	1	s20260528_110358141717_451	1	1	2431	1645	3085	3597	1152	1346	1200	3553	-44.179	-20.131
11	1	s20260528_110358141717_451	1	1	2436	1621	3065	3599	1159	1329	1186	3789	-44.179	-20.131
12	1	s20260528_110358141717_451	1	1	2428	1662	3129	3637	1143	1312	1168	3604	-44.178	-20.131
13	1	s20260528_110358141717_451	1	1	2443	1664	3112	3619	1164	1346	1186	3655	-44.178	-20.131
14	1	s20260528_110358141717_451	1	1	2441	1627	3068	3593	1157	1324	1195	3648	-44.179	-20.131
15	1	s20260528_110358141717_451	1	1	2443	1642	3091	3552	1155	1326	1180	3618	-44.179	-20.131
16	1	s20260528_110358141717_451	1	1	2430	1607	2992	3484	1133	1280	1176	3473	-44.179	-20.131
17	1	s20260528_110358141717_451	1	1	2428	1651	3026	3522	1161	1327	1191	3545	-44.178	-20.131
18	1	s20260528_110358141717_451	1	1	2431	1645	3085	3597	1152	1346	1200	3553	-44.179	-20.131
19	1	s20260528_110358141717_451	1	1	2433	1599	3038	3551	1146	1326	1187	3698	-44.179	-20.130
20	2	s20260528_110443305727_435	2	2	3310	2222	2662	2934	1698	1966	2090	2695	-44.206	-20.143
21	2	s20260528_110443305727_435	2	2	3404	2299	3344	3745	1394	1682	1689	3758	-44.207	-20.143
22	2	s20260528_110443305727_435	2	2	3310	2203	2815	3082	1611	1784	2012	2942	-44.205	-20.144
23	2	s20260528_110443305727_435	2	2	3382	2275	2772	2937	1452	1711	1841	3247	-44.206	-20.143
24	2	s20260528_110443305727_435	2	2	3411	2388	2766	2885	1738	1934	2170	2532	-44.206	-20.144
25	2	s20260528_110443305727_435	2	2	3445	2518	3093	3381	1476	1754	1790	3257	-44.206	-20.143
26	2	s20260528_110443305727_435	2	2	3369	2222	2819	3090	1333	1579	1773	3026	-44.205	-20.144
27	2	s20260528_110443305727_435	2	2	3323	2341	2923	3157	1475	1766	2006	3144	-44.205	-20.144
28	2	s20260528_110443305727_435	2	2	3402	2282	3129	3493	1351	1678	1785	3772	-44.205	-20.144
29	2	s20260528_110443305727_435	2	2	3376	2401	2927	3144	1532	1807	2180	2851	-44.206	-20.143
30	2	s20260528_110443305727_435	2	2	3353	2240	2653	2847	1504	1708	1974	2463	-44.206	-20.143
31	2	s20260528_110443305727_435	2	2	3302	2192	2725	2910	1438	1620	1790	2603	-44.205	-20.143
32	2	s20260528_110443305727_435	2	2	3307	2321	2676	2746	1574	1782	1951	2295	-44.206	-20.144
33	2	s20260528_110443305727_435	2	2	3348	2234	2777	3060	1446	1767	2276	3155	-44.205	-20.143
34	2	s20260528_110443305727_435	2	2	3400	2358	2651	2826	1773	1966	2174	2614	-44.205	-20.144
35	2	s20260528_110443305727_435	2	2	3296	2193	3089	3425	1211	1464	1328	3844	-44.206	-20.143
36	2	s20260528_110443305727_435	2	2	3307	2321	2676	2746	1574	1782	1951	2295	-44.206	-20.144
37	2	s20260528_110443305727_435	2	2	3440	2357	2839	3030	1783	1997	2268	2685	-44.205	-20.144
38	2	s20260528_110443305727_435	2	2	3440	2455	2914	3186	1574	1862	2148	3092	-44.206	-20.143
39	2	s20260528_110443305727_435	2	2	3372	2412	2824	3040	1420	1686	1943	2742	-44.206	-20.144
40	3	s20260528_110617811174_79	3	3	3268	2460	4303	4809	1396	1884	1566	4816	-44.209	-20.126
41	3	s20260528_110617811174_79	3	3	3324	2498	4334	4796	1401	1867	1562	4848	-44.209	-20.126
42	3	s20260528_110617811174_79	3	3	3406	2512	4410	4880	1450	1901	1632	4929	-44.208	-20.127
43	3	s20260528_110617811174_79	3	3	3289	2473	4309	4791	1387	1877	1554	4736	-44.208	-20.126
44	3	s20260528_110617811174_79	3	3	3266	2444	4288	4730	1388	1854	1548	4728	-44.208	-20.126
45	3	s20260528_110617811174_79	3	3	3369	2489	4367	4834	1400	1865	1582	4864	-44.208	-20.126
46	3	s20260528_110617811174_79	3	3	3324	2498	4334	4796	1401	1867	1562	4848	-44.209	-20.126
47	3	s20260528_110617811174_79	3	3	3297	2473	4324	4798	1383	1889	1570	4764	-44.208	-20.126
48	3	s20260528_110617811174_79	3	3	3338	2514	4340	4802	1401	1890	1578	4757	-44.208	-20.126
49	3	s20260528_110617811174_79	3	3	3289	2473	4309	4791	1387	1877	1554	4736	-44.208	-20.126
50	3	s20260528_110617811174_79	3	3	3324	2493	4321	4776	1387	1886	1588	4750	-44.209	-20.126
51	3	s20260528_110617811174_79	3	3	3331	2506	4332	4788	1396	1870	1578	4752	-44.209	-20.126
52	3	s20260528_110617811174_79	3	3	3239	2460	4337	4769	1378	1854	1540	4760	-44.209	-20.126
53	3	s20260528_110617811174_79	3	3	3369	2477	4365	4806	1402	1889	1596	4838	-44.209	-20.126
54	3	s20260528_110617811174_79	3	3	3282	2460	4297	4758	1410	1846	1556	4759	-44.209	-20.126
55	3	s20260528_110617811174_79	3	3	3221	2420	4245	4676	1356	1788	1484	4432	-44.209	-20.126
56	3	s20260528_110617811174_79	3	3	3378	2490	4314	4755	1412	1874	1598	4703	-44.209	-20.126
57	3	s20260528_110617811174_79	3	3	3240	2445	4325	4729	1385	1836	1528	4715	-44.209	-20.126
58	3	s20260528_110617811174_79	3	3	3297	2473	4324	4798	1383	1889	1570	4764	-44.208	-20.126
59	3	s20260528_110617811174_79	3	3	3282	2460	4297	4758	1410	1846	1556	4759	-44.209	-20.126
60	4	s20260528_110804284476_254	4	4	2875	2191	2453	2588	1430	1655	2128	2528	-44.131	-20.141
61	4	s20260528_110804284476_254	4	4	2272	2001	2045	1984	1404	1562	1852	1866	-44.125	-20.128
62	4	s20260528_110804284476_254	4	4	2939	2347	2468	2564	1504	1694	2126	2426	-44.133	-20.140
63	4	s20260528_110804284476_254	4	4	2885	2324	2498	2567	1517	1698	2142	2440	-44.130	-20.141
64	4	s20260528_110804284476_254	4	4	2347	1949	1976	1998	1368	1516	1792	1869	-44.121	-20.132
65	4	s20260528_110804284476_254	4	4	2769	2356	2455	2483	1466	1692	2130	2353	-44.120	-20.137
66	4	s20260528_110804284476_254	4	4	2931	2319	2417	2428	1532	1728	2122	2301	-44.143	-20.135
67	4	s20260528_110804284476_254	4	4	2327	1912	1958	2005	1308	1478	1803	1977	-44.120	-20.134
68	4	s20260528_110804284476_254	4	4	2242	1730	1784	1817	1268	1392	1634	1732	-44.123	-20.124
69	4	s20260528_110804284476_254	4	4	2841	2245	2360	2418	1381	1552	1990	2319	-44.143	-20.136
70	4	s20260528_110804284476_254	4	4	2120	1827	1903	1880	1349	1484	1764	1794	-44.123	-20.129
71	4	s20260528_110804284476_254	4	4	2663	2325	2410	2455	1457	1690	2152	2324	-44.144	-20.140
72	4	s20260528_110804284476_254	4	4	2392	1924	1983	1996	1361	1498	1778	1896	-44.122	-20.125
73	4	s20260528_110804284476_254	4	4	2702	2365	2449	2467	1534	1742	2158	2355	-44.141	-20.133
74	4	s20260528_110804284476_254	4	4	2889	2309	2411	2428	1545	1742	2162	2324	-44.143	-20.135
75	4	s20260528_110804284476_254	4	4	2472	2126	2172	2156	1517	1718	2010	2056	-44.119	-20.140
76	4	s20260528_110804284476_254	4	4	2494	1952	2039	2052	1341	1524	1822	1931	-44.121	-20.131
77	4	s20260528_110804284476_254	4	4	2334	1818	1879	1878	1309	1434	1698	1823	-44.121	-20.127
78	4	s20260528_110804284476_254	4	4	3203	2488	2616	2647	1641	1840	2384	2625	-44.143	-20.140
79	4	s20260528_110804284476_254	4	4	2921	2370	2509	2562	1504	1698	2134	2439	-44.132	-20.140
80	5	s20260528_111001644386_707	5	5	1399	1942	2091	2222	1177	1320	1718	2049	-44.190	-20.144
81	5	s20260528_111001644386_707	5	5	1633	2011	2264	2408	1163	1316	1756	2142	-44.190	-20.144
82	5	s20260528_111001644386_707	5	5	1299	1924	2041	2141	1158	1318	1704	2066	-44.190	-20.144
83	5	s20260528_111001644386_707	5	5	1354	1957	2065	2181	1149	1310	1718	2039	-44.190	-20.144
84	5	s20260528_111001644386_707	5	5	1354	1957	2065	2181	1149	1310	1718	2039	-44.190	-20.144
85	5	s20260528_111001644386_707	5	5	1400	1943	2147	2320	1167	1304	1713	1934	-44.190	-20.144
86	5	s20260528_111001644386_707	5	5	1410	1959	2125	2240	1161	1318	1735	2126	-44.190	-20.144
87	5	s20260528_111001644386_707	5	5	1457	1969	2119	2255	1172	1322	1737	2106	-44.190	-20.144
88	5	s20260528_111001644386_707	5	5	1307	1928	2075	2195	1172	1302	1725	2058	-44.190	-20.144
89	5	s20260528_111001644386_707	5	5	1399	1942	2091	2222	1177	1320	1718	2049	-44.190	-20.144
90	5	s20260528_111001644386_707	5	5	1342	1927	2113	2239	1165	1310	1731	2013	-44.190	-20.144
91	5	s20260528_111001644386_707	5	5	1399	1942	2091	2222	1177	1320	1718	2049	-44.190	-20.144
92	5	s20260528_111001644386_707	5	5	1322	1902	2026	2109	1146	1291	1691	1893	-44.189	-20.144
93	5	s20260528_111001644386_707	5	5	1410	1959	2125	2240	1161	1318	1735	2126	-44.190	-20.144
94	5	s20260528_111001644386_707	5	5	1487	1967	2171	2282	1172	1313	1727	2104	-44.190	-20.144
95	5	s20260528_111001644386_707	5	5	1354	1957	2065	2181	1149	1310	1718	2039	-44.190	-20.144
96	5	s20260528_111001644386_707	5	5	1317	1915	2010	2075	1138	1296	1700	2008	-44.190	-20.144
97	5	s20260528_111001644386_707	5	5	1322	1902	2026	2109	1146	1291	1691	1893	-44.190	-20.144
98	5	s20260528_111001644386_707	5	5	1354	1957	2065	2181	1149	1310	1718	2039	-44.190	-20.144
99	5	s20260528_111001644386_707	5	5	1490	1964	2132	2275	1174	1321	1733	2142	-44.190	-20.144
100	6	s20260603_171139274075_708	1	6	2444	1607	3026	3488	1158	1336	1200	3578	-44.131	-20.132
101	6	s20260603_171139274075_708	1	6	2397	1512	2752	3178	1138	1292	1186	3208	-44.133	-20.133
102	6	s20260603_171139274075_708	1	6	2455	1593	2896	3277	1167	1302	1218	3313	-44.132	-20.134
103	6	s20260603_171139274075_708	1	6	2399	1632	3130	3567	1160	1342	1213	3639	-44.133	-20.132
104	6	s20260603_171139274075_708	1	6	2442	1555	2853	3248	1142	1306	1211	3250	-44.134	-20.132
105	6	s20260603_171139274075_708	1	6	2424	1580	2922	3322	1156	1319	1207	3305	-44.132	-20.131
106	6	s20260603_171139274075_708	1	6	2460	1599	2932	3359	1127	1310	1176	3349	-44.134	-20.132
107	6	s20260603_171139274075_708	1	6	2401	1572	2874	3263	1135	1288	1186	3266	-44.134	-20.133
108	6	s20260603_171139274075_708	1	6	2454	1589	2910	3344	1175	1336	1215	3423	-44.132	-20.135
109	6	s20260603_171139274075_708	1	6	2397	1555	2882	3289	1146	1293	1178	3262	-44.133	-20.133
110	6	s20260603_171139274075_708	1	6	2399	1654	3119	3540	1149	1368	1207	3551	-44.133	-20.132
111	6	s20260603_171139274075_708	1	6	2430	1582	2849	3309	1153	1300	1201	3272	-44.132	-20.133
112	6	s20260603_171139274075_708	1	6	2441	1608	3044	3495	1151	1329	1182	3512	-44.132	-20.132
113	6	s20260603_171139274075_708	1	6	2377	1579	2971	3436	1156	1308	1177	3372	-44.132	-20.132
114	6	s20260603_171139274075_708	1	6	2487	1647	3102	3565	1160	1318	1213	3426	-44.132	-20.132
115	6	s20260603_171139274075_708	1	6	2410	1581	2895	3355	1146	1312	1180	3388	-44.133	-20.133
116	6	s20260603_171139274075_708	1	6	2309	1544	2832	3238	1146	1310	1176	3468	-44.133	-20.133
117	6	s20260603_171139274075_708	1	6	2405	1556	2872	3296	1127	1291	1178	3405	-44.133	-20.133
118	6	s20260603_171139274075_708	1	6	2450	1589	2982	3442	1178	1292	1212	3460	-44.132	-20.133
119	6	s20260603_171139274075_708	1	6	2422	1588	2948	3376	1160	1317	1190	3320	-44.132	-20.132
120	7	s20260603_171234078479_399	1	7	2450	1667	3185	3676	1140	1342	1194	3740	-44.177	-20.139
121	7	s20260603_171234078479_399	1	7	2485	1679	2985	3440	1169	1357	1218	3473	-44.179	-20.137
122	7	s20260603_171234078479_399	1	7	2456	1611	2972	3514	1163	1286	1193	3369	-44.178	-20.138
123	7	s20260603_171234078479_399	1	7	2459	1645	2988	3468	1171	1332	1211	3540	-44.179	-20.138
124	7	s20260603_171234078479_399	1	7	2463	1670	2974	3450	1176	1366	1219	3610	-44.179	-20.136
125	7	s20260603_171234078479_399	1	7	2353	1580	2927	3421	1133	1210	1146	2921	-44.178	-20.136
126	7	s20260603_171234078479_399	1	7	2457	1657	3032	3463	1160	1335	1197	3446	-44.180	-20.136
127	7	s20260603_171234078479_399	1	7	2467	1657	3049	3515	1181	1370	1215	3563	-44.178	-20.136
128	7	s20260603_171234078479_399	1	7	2410	1604	2849	3286	1147	1294	1183	3241	-44.178	-20.138
129	7	s20260603_171234078479_399	1	7	2385	1618	2924	3407	1154	1288	1170	3317	-44.179	-20.137
130	7	s20260603_171234078479_399	1	7	2365	1589	2777	3172	1153	1320	1205	3311	-44.179	-20.137
131	7	s20260603_171234078479_399	1	7	2483	1717	3130	3566	1185	1366	1213	3700	-44.180	-20.136
132	7	s20260603_171234078479_399	1	7	2368	1556	2754	3211	1120	1229	1173	2967	-44.178	-20.137
133	7	s20260603_171234078479_399	1	7	2467	1659	3145	3637	1170	1366	1180	3779	-44.179	-20.138
134	7	s20260603_171234078479_399	1	7	2497	1708	3076	3514	1180	1378	1229	3559	-44.180	-20.136
135	7	s20260603_171234078479_399	1	7	2516	1699	3114	3612	1153	1347	1195	3728	-44.179	-20.137
136	7	s20260603_171234078479_399	1	7	2478	1647	2952	3361	1164	1320	1214	3361	-44.178	-20.137
137	7	s20260603_171234078479_399	1	7	2452	1626	2984	3528	1154	1312	1221	3713	-44.178	-20.138
138	7	s20260603_171234078479_399	1	7	2437	1638	3036	3578	1138	1321	1185	3608	-44.179	-20.138
139	7	s20260603_171234078479_399	1	7	2553	1711	3097	3568	1177	1342	1220	3542	-44.180	-20.137
140	8	s20260603_171256864635_727	1	8	2428	1660	3093	3668	1166	1330	1200	3570	-44.191	-20.130
141	8	s20260603_171256864635_727	1	8	2468	1770	3349	3855	1185	1406	1235	3915	-44.190	-20.131
142	8	s20260603_171256864635_727	1	8	2471	1671	3186	3692	1162	1338	1184	3736	-44.192	-20.132
143	8	s20260603_171256864635_727	1	8	2445	1643	2979	3459	1166	1349	1195	3586	-44.192	-20.131
144	8	s20260603_171256864635_727	1	8	2439	1638	3107	3682	1148	1324	1192	3757	-44.192	-20.131
145	8	s20260603_171256864635_727	1	8	2481	1657	3106	3600	1158	1355	1206	3710	-44.191	-20.132
146	8	s20260603_171256864635_727	1	8	2411	1638	2957	3474	1174	1369	1227	3513	-44.191	-20.131
147	8	s20260603_171256864635_727	1	8	2380	1656	2955	3375	1161	1342	1196	3424	-44.191	-20.131
148	8	s20260603_171256864635_727	1	8	2564	1725	3266	3778	1159	1382	1216	3940	-44.191	-20.133
149	8	s20260603_171256864635_727	1	8	2517	1697	3206	3732	1168	1362	1195	3820	-44.191	-20.133
150	8	s20260603_171256864635_727	1	8	2530	1691	3151	3700	1166	1376	1214	3699	-44.191	-20.133
151	8	s20260603_171256864635_727	1	8	2425	1614	3018	3518	1151	1282	1191	3443	-44.192	-20.131
152	8	s20260603_171256864635_727	1	8	2452	1646	3117	3623	1154	1363	1200	3810	-44.192	-20.130
153	8	s20260603_171256864635_727	1	8	2471	1640	3058	3548	1147	1309	1191	3448	-44.192	-20.131
154	8	s20260603_171256864635_727	1	8	2540	1701	3131	3631	1161	1346	1193	3624	-44.191	-20.132
155	8	s20260603_171256864635_727	1	8	2425	1614	3018	3518	1151	1282	1191	3443	-44.192	-20.131
156	8	s20260603_171256864635_727	1	8	2524	1728	3150	3628	1188	1362	1215	3709	-44.191	-20.132
157	8	s20260603_171256864635_727	1	8	2516	1741	3256	3792	1166	1357	1197	3814	-44.190	-20.130
158	8	s20260603_171256864635_727	1	8	2534	1718	3255	3779	1180	1404	1213	3983	-44.191	-20.133
159	8	s20260603_171256864635_727	1	8	2464	1668	3082	3517	1147	1368	1209	3583	-44.192	-20.131
160	9	s20260603_171333870228_299	1	9	2404	1603	3096	3542	1193	1349	1214	3820	-44.141	-20.127
161	9	s20260603_171333870228_299	1	9	2500	1714	3172	3584	1162	1354	1214	3512	-44.142	-20.126
162	9	s20260603_171333870228_299	1	9	2407	1637	3169	3612	1173	1355	1210	3756	-44.140	-20.126
163	9	s20260603_171333870228_299	1	9	2467	1645	3108	3580	1166	1337	1208	3462	-44.142	-20.126
164	9	s20260603_171333870228_299	1	9	2456	1672	3082	3498	1157	1342	1202	3437	-44.142	-20.125
165	9	s20260603_171333870228_299	1	9	2460	1637	3055	3574	1167	1356	1216	3667	-44.140	-20.126
166	9	s20260603_171333870228_299	1	9	2447	1615	3005	3493	1158	1358	1234	3476	-44.141	-20.126
167	9	s20260603_171333870228_299	1	9	2393	1644	3095	3498	1159	1342	1185	3578	-44.142	-20.126
168	9	s20260603_171333870228_299	1	9	2474	1655	3166	3608	1162	1370	1202	3698	-44.141	-20.126
169	9	s20260603_171333870228_299	1	9	2415	1625	3121	3564	1148	1312	1191	3404	-44.142	-20.127
170	9	s20260603_171333870228_299	1	9	2348	1596	2927	3402	1157	1330	1214	3442	-44.141	-20.127
171	9	s20260603_171333870228_299	1	9	2472	1660	3140	3585	1173	1352	1214	3654	-44.140	-20.126
172	9	s20260603_171333870228_299	1	9	2418	1595	2945	3365	1161	1322	1198	3406	-44.141	-20.126
173	9	s20260603_171333870228_299	1	9	2397	1618	3080	3541	1155	1332	1202	3666	-44.141	-20.127
174	9	s20260603_171333870228_299	1	9	2499	1691	3212	3699	1164	1409	1218	3916	-44.140	-20.126
175	9	s20260603_171333870228_299	1	9	2417	1617	2993	3384	1151	1325	1200	3392	-44.140	-20.127
176	9	s20260603_171333870228_299	1	9	2426	1657	3141	3543	1162	1354	1193	3437	-44.142	-20.126
177	9	s20260603_171333870228_299	1	9	2436	1632	3067	3529	1157	1356	1196	3540	-44.141	-20.126
178	9	s20260603_171333870228_299	1	9	2442	1644	3198	3676	1160	1348	1197	3679	-44.140	-20.125
179	9	s20260603_171333870228_299	1	9	2476	1657	3121	3576	1162	1339	1207	3670	-44.141	-20.126
180	10	s20260603_171419340613_120	2	10	3812	2573	3316	3554	1687	2048	2564	3730	-44.153	-20.148
181	10	s20260603_171419340613_120	2	10	3665	2669	3176	3394	1610	1984	2250	3219	-44.154	-20.148
182	10	s20260603_171419340613_120	2	10	3768	2487	3220	3508	1450	1722	1974	3312	-44.153	-20.148
183	10	s20260603_171419340613_120	2	10	3919	2780	3357	3607	1686	2060	2338	3636	-44.154	-20.148
184	10	s20260603_171419340613_120	2	10	3722	2480	3070	3365	1502	1750	2132	3234	-44.154	-20.148
185	10	s20260603_171419340613_120	2	10	3741	2525	3313	3526	1658	1912	2332	3300	-44.153	-20.148
186	10	s20260603_171419340613_120	2	10	3891	2934	3244	3506	1661	2050	2506	3376	-44.154	-20.148
187	10	s20260603_171419340613_120	2	10	3674	2470	3388	3679	1510	1802	1924	3675	-44.155	-20.148
188	10	s20260603_171419340613_120	2	10	3774	2491	3095	3361	1593	1825	2158	3318	-44.154	-20.148
189	10	s20260603_171419340613_120	2	10	3719	2516	3088	3308	1408	1633	1802	3138	-44.154	-20.148
190	10	s20260603_171419340613_120	2	10	3669	2651	3076	3266	1540	1838	2228	3039	-44.154	-20.148
191	10	s20260603_171419340613_120	2	10	3722	2480	3070	3365	1502	1750	2132	3234	-44.154	-20.148
192	10	s20260603_171419340613_120	2	10	3838	2674	3253	3543	1912	2244	2670	3500	-44.154	-20.148
193	10	s20260603_171419340613_120	2	10	3740	2601	3329	3573	1698	2030	2422	3598	-44.153	-20.148
194	10	s20260603_171419340613_120	2	10	3686	2444	3164	3539	1346	1566	1664	3348	-44.154	-20.148
195	10	s20260603_171419340613_120	2	10	3746	2652	3558	3883	1716	2070	2268	3950	-44.154	-20.148
196	10	s20260603_171419340613_120	2	10	3796	2683	3173	3427	1708	2066	2342	3568	-44.154	-20.148
197	10	s20260603_171419340613_120	2	10	3661	2528	3450	3778	1301	1604	1626	3603	-44.154	-20.148
198	10	s20260603_171419340613_120	2	10	3690	2430	3214	3544	1603	2001	2356	3769	-44.154	-20.148
199	10	s20260603_171419340613_120	2	10	3722	2480	3070	3365	1502	1750	2132	3234	-44.154	-20.148
200	11	s20260603_171431090051_680	2	11	3484	2427	3315	3608	1332	1636	1628	3500	-44.158	-20.141
201	11	s20260603_171431090051_680	2	11	3529	2459	3291	3641	1495	1735	1752	3858	-44.158	-20.141
202	11	s20260603_171431090051_680	2	11	3686	2617	3391	3752	1678	2108	2372	3699	-44.158	-20.141
203	11	s20260603_171431090051_680	2	11	3621	2627	3487	3785	1452	1850	1865	3698	-44.159	-20.140
204	11	s20260603_171431090051_680	2	11	3642	2616	3444	3726	1614	1928	2312	3711	-44.158	-20.141
205	11	s20260603_171431090051_680	2	11	3511	2412	3397	3705	1686	1974	2296	3655	-44.159	-20.141
206	11	s20260603_171431090051_680	2	11	3559	2576	3530	3855	1496	1870	2042	3929	-44.159	-20.140
207	11	s20260603_171431090051_680	2	11	3478	2348	3414	3806	1395	1659	1814	3917	-44.158	-20.140
208	11	s20260603_171431090051_680	2	11	3664	2560	3396	3715	1616	1866	2118	3678	-44.158	-20.141
209	11	s20260603_171431090051_680	2	11	3478	2348	3414	3806	1395	1659	1814	3917	-44.158	-20.140
210	11	s20260603_171431090051_680	2	11	3582	2357	3249	3586	1712	2012	2184	3768	-44.158	-20.141
211	11	s20260603_171431090051_680	2	11	3689	2672	3442	3727	1673	1948	2472	3592	-44.159	-20.140
212	11	s20260603_171431090051_680	2	11	3585	2428	3313	3637	1573	1725	2076	3678	-44.158	-20.141
213	11	s20260603_171431090051_680	2	11	3681	2583	3462	3786	1590	2064	2388	3680	-44.159	-20.141
214	11	s20260603_171431090051_680	2	11	3624	2528	3341	3541	1723	2010	2416	3280	-44.158	-20.140
215	11	s20260603_171431090051_680	2	11	3598	2570	3420	3702	1308	1716	1720	3780	-44.158	-20.141
216	11	s20260603_171431090051_680	2	11	3580	2580	3429	3722	1481	1764	1946	3588	-44.159	-20.141
217	11	s20260603_171431090051_680	2	11	3553	2349	3213	3535	1481	1700	1800	3604	-44.158	-20.141
218	11	s20260603_171431090051_680	2	11	3624	2528	3341	3541	1723	2010	2416	3280	-44.158	-20.140
219	11	s20260603_171431090051_680	2	11	3686	2617	3391	3752	1678	2108	2372	3699	-44.158	-20.141
220	12	s20260603_171500936084_706	2	12	3848	2609	2986	3230	1494	1816	2464	3242	-44.199	-20.144
221	12	s20260603_171500936084_706	2	12	3767	2553	2759	2965	1552	1905	2552	2931	-44.199	-20.144
222	12	s20260603_171500936084_706	2	12	3824	2831	2922	3060	1962	2262	2484	2605	-44.199	-20.144
223	12	s20260603_171500936084_706	2	12	3730	2563	2781	2860	1708	1993	2122	3067	-44.200	-20.143
224	12	s20260603_171500936084_706	2	12	3773	2590	2967	3158	1554	1862	2260	3146	-44.199	-20.144
225	12	s20260603_171500936084_706	2	12	3732	2692	2979	3097	1664	1939	2230	2875	-44.199	-20.143
226	12	s20260603_171500936084_706	2	12	3746	2551	3374	3728	1298	1524	1532	3680	-44.199	-20.144
227	12	s20260603_171500936084_706	2	12	3684	2590	3434	3689	1600	1974	1958	3972	-44.199	-20.144
228	12	s20260603_171500936084_706	2	12	3739	2544	2958	3189	1562	1899	2228	3244	-44.199	-20.144
229	12	s20260603_171500936084_706	2	12	3641	2350	3039	3370	1562	1816	2008	3007	-44.199	-20.144
230	12	s20260603_171500936084_706	2	12	3773	2590	2967	3158	1554	1862	2260	3146	-44.199	-20.144
231	12	s20260603_171500936084_706	2	12	3731	2633	3091	3293	1637	2064	2538	3452	-44.199	-20.143
232	12	s20260603_171500936084_706	2	12	3854	2611	2922	3134	1715	1809	2284	2660	-44.199	-20.144
233	12	s20260603_171500936084_706	2	12	3872	2727	2746	2874	1964	2176	2376	2754	-44.199	-20.144
234	12	s20260603_171500936084_706	2	12	3692	2616	3180	3423	1625	1882	2222	3703	-44.199	-20.144
235	12	s20260603_171500936084_706	2	12	3737	2572	2985	3214	1435	1766	2080	3198	-44.199	-20.144
236	12	s20260603_171500936084_706	2	12	3743	2664	3108	3316	2124	2200	2326	3219	-44.200	-20.143
237	12	s20260603_171500936084_706	2	12	3695	2670	3114	3320	1908	2346	2628	3770	-44.199	-20.143
238	12	s20260603_171500936084_706	2	12	3776	2644	3123	3350	1655	1944	2440	3175	-44.199	-20.144
239	12	s20260603_171500936084_706	2	12	3864	2561	3184	3507	1867	1918	2068	3160	-44.200	-20.143
240	13	s20260603_171510977118_351	2	13	4107	2912	3491	3764	2482	2998	3018	4195	-44.197	-20.152
241	13	s20260603_171510977118_351	2	13	4109	2907	3522	3589	1955	2346	2658	3517	-44.197	-20.153
242	13	s20260603_171510977118_351	2	13	4073	2829	3509	3674	1648	1854	2194	3286	-44.197	-20.152
243	13	s20260603_171510977118_351	2	13	4166	3291	3417	3721	1533	1783	2058	3023	-44.197	-20.153
244	13	s20260603_171510977118_351	2	13	4169	2888	3420	3619	1506	1814	1843	3837	-44.197	-20.152
245	13	s20260603_171510977118_351	2	13	4155	2979	3545	3776	2020	2244	2750	4317	-44.197	-20.152
246	13	s20260603_171510977118_351	2	13	4081	2612	3443	3569	1504	1882	2450	3580	-44.197	-20.153
247	13	s20260603_171510977118_351	2	13	4112	2571	3262	3536	1338	1589	1720	3503	-44.197	-20.153
248	13	s20260603_171510977118_351	2	13	4152	2656	3169	3222	1653	1885	2146	2853	-44.197	-20.152
249	13	s20260603_171510977118_351	2	13	4071	2992	3406	3519	2132	2526	2792	3298	-44.197	-20.153
250	13	s20260603_171510977118_351	2	13	4088	3092	3774	3952	1569	2012	2272	3993	-44.197	-20.153
251	13	s20260603_171510977118_351	2	13	4059	2660	3235	3642	1384	1644	1886	3023	-44.197	-20.153
252	13	s20260603_171510977118_351	2	13	4123	2842	3449	3512	2002	2320	2828	3338	-44.197	-20.153
253	13	s20260603_171510977118_351	2	13	4089	2578	3041	3102	1691	1940	2134	2815	-44.197	-20.152
254	13	s20260603_171510977118_351	2	13	4094	2489	2990	3152	1880	1944	2023	2920	-44.197	-20.152
255	13	s20260603_171510977118_351	2	13	4073	2829	3509	3674	1648	1854	2194	3286	-44.197	-20.152
256	13	s20260603_171510977118_351	2	13	4108	2789	3261	3357	2078	2402	2848	3370	-44.197	-20.152
257	13	s20260603_171510977118_351	2	13	4102	2886	3491	3736	1604	2032	2654	3965	-44.197	-20.152
258	13	s20260603_171510977118_351	2	13	4083	2558	3123	3297	1672	1916	2098	3288	-44.197	-20.152
259	13	s20260603_171510977118_351	2	13	4141	2938	3180	3533	1463	1692	1920	3075	-44.197	-20.152
260	14	s20260603_171604005174_736	3	14	3338	2438	3761	4125	1384	1794	1651	4067	-44.184	-20.151
261	14	s20260603_171604005174_736	3	14	3338	2480	3787	4125	1376	1826	1650	4107	-44.184	-20.150
262	14	s20260603_171604005174_736	3	14	3335	2462	3731	4068	1354	1826	1628	4124	-44.184	-20.151
263	14	s20260603_171604005174_736	3	14	3330	2482	3776	4116	1372	1844	1616	4153	-44.184	-20.150
264	14	s20260603_171604005174_736	3	14	3345	2488	3765	4075	1389	1822	1646	4164	-44.184	-20.150
265	14	s20260603_171604005174_736	3	14	3326	2452	3762	4127	1378	1824	1616	4128	-44.184	-20.151
266	14	s20260603_171604005174_736	3	14	3327	2442	3710	4072	1400	1866	1644	4159	-44.184	-20.150
267	14	s20260603_171604005174_736	3	14	3338	2480	3787	4125	1376	1826	1650	4107	-44.184	-20.150
268	14	s20260603_171604005174_736	3	14	3326	2452	3762	4127	1378	1824	1616	4128	-44.184	-20.151
269	14	s20260603_171604005174_736	3	14	3341	2453	3792	4146	1364	1825	1610	4272	-44.184	-20.151
270	14	s20260603_171604005174_736	3	14	3330	2482	3776	4116	1372	1844	1616	4153	-44.184	-20.150
271	14	s20260603_171604005174_736	3	14	3316	2434	3779	4159	1366	1788	1598	4269	-44.184	-20.151
272	14	s20260603_171604005174_736	3	14	3347	2496	3772	4122	1376	1856	1648	4204	-44.184	-20.150
273	14	s20260603_171604005174_736	3	14	3337	2456	3778	4128	1374	1821	1632	4156	-44.184	-20.151
274	14	s20260603_171604005174_736	3	14	3347	2458	3775	4141	1389	1811	1609	4180	-44.184	-20.151
275	14	s20260603_171604005174_736	3	14	3343	2484	3771	4114	1407	1854	1652	4116	-44.184	-20.150
276	14	s20260603_171604005174_736	3	14	3349	2503	3850	4234	1402	1844	1641	4304	-44.184	-20.151
277	14	s20260603_171604005174_736	3	14	3345	2488	3765	4075	1389	1822	1646	4164	-44.184	-20.150
278	14	s20260603_171604005174_736	3	14	3317	2483	3797	4132	1352	1838	1608	4208	-44.184	-20.151
279	14	s20260603_171604005174_736	3	14	3319	2479	3798	4134	1381	1856	1619	4163	-44.184	-20.150
280	15	s20260603_171615356817_677	3	15	2998	2239	3595	3994	1321	1740	1544	4164	-44.174	-20.148
281	15	s20260603_171615356817_677	3	15	3031	2298	3612	3963	1291	1706	1508	3839	-44.174	-20.149
282	15	s20260603_171615356817_677	3	15	3039	2393	3559	3880	1312	1732	1565	3908	-44.175	-20.148
283	15	s20260603_171615356817_677	3	15	3015	2353	3605	3934	1309	1712	1538	3989	-44.175	-20.148
284	15	s20260603_171615356817_677	3	15	3023	2306	3625	3971	1284	1563	1450	4012	-44.174	-20.149
285	15	s20260603_171615356817_677	3	15	3035	2317	3545	3889	1329	1761	1548	4091	-44.174	-20.149
286	15	s20260603_171615356817_677	3	15	2998	2239	3595	3994	1321	1740	1544	4164	-44.174	-20.148
287	15	s20260603_171615356817_677	3	15	3031	2334	3587	3926	1329	1762	1568	4008	-44.175	-20.148
288	15	s20260603_171615356817_677	3	15	2974	2344	3628	4003	1298	1702	1542	4002	-44.174	-20.148
289	15	s20260603_171615356817_677	3	15	2976	2352	3495	3806	1308	1726	1567	3884	-44.175	-20.148
290	15	s20260603_171615356817_677	3	15	2965	2305	3666	4058	1298	1710	1530	4044	-44.174	-20.148
291	15	s20260603_171615356817_677	3	15	3009	2369	3639	3969	1314	1742	1558	4029	-44.174	-20.148
292	15	s20260603_171615356817_677	3	15	3016	2282	3589	3966	1320	1678	1530	3986	-44.174	-20.148
293	15	s20260603_171615356817_677	3	15	3002	2343	3569	3908	1342	1742	1576	3976	-44.175	-20.148
294	15	s20260603_171615356817_677	3	15	2939	2202	3484	3889	1272	1624	1496	3768	-44.174	-20.148
295	15	s20260603_171615356817_677	3	15	3002	2288	3618	3979	1325	1718	1540	3989	-44.174	-20.149
296	15	s20260603_171615356817_677	3	15	2982	2362	3571	3897	1299	1730	1534	3966	-44.175	-20.148
297	15	s20260603_171615356817_677	3	15	3017	2359	3572	3904	1318	1730	1570	3941	-44.175	-20.148
298	15	s20260603_171615356817_677	3	15	3008	2350	3635	3963	1334	1737	1562	3973	-44.174	-20.148
299	15	s20260603_171615356817_677	3	15	3002	2320	3631	3974	1344	1737	1596	3942	-44.174	-20.148
300	16	s20260603_171635125686_366	3	16	3598	2654	4362	4709	1436	1941	1691	4800	-44.165	-20.147
301	16	s20260603_171635125686_366	3	16	3641	2612	4289	4645	1431	1926	1678	4656	-44.164	-20.148
302	16	s20260603_171635125686_366	3	16	3637	2631	4258	4627	1438	1938	1693	4627	-44.164	-20.148
303	16	s20260603_171635125686_366	3	16	3691	2625	4115	4444	1465	1934	1784	4503	-44.164	-20.147
304	16	s20260603_171635125686_366	3	16	3675	2635	4121	4480	1420	1922	1727	4432	-44.164	-20.147
305	16	s20260603_171635125686_366	3	16	3639	2604	4291	4649	1431	1924	1686	4705	-44.164	-20.148
306	16	s20260603_171635125686_366	3	16	3648	2619	4254	4615	1448	1944	1716	4661	-44.164	-20.148
307	16	s20260603_171635125686_366	3	16	3604	2638	4266	4631	1463	1974	1720	4588	-44.165	-20.147
308	16	s20260603_171635125686_366	3	16	3686	2640	4123	4453	1442	1944	1717	4447	-44.164	-20.147
309	16	s20260603_171635125686_366	3	16	3574	2613	4185	4533	1425	1933	1651	4561	-44.164	-20.147
310	16	s20260603_171635125686_366	3	16	3594	2644	4432	4782	1454	1954	1652	4804	-44.165	-20.147
311	16	s20260603_171635125686_366	3	16	3640	2604	4302	4675	1462	1970	1713	4764	-44.165	-20.148
312	16	s20260603_171635125686_366	3	16	3649	2637	4135	4477	1430	1918	1706	4468	-44.164	-20.147
313	16	s20260603_171635125686_366	3	16	3707	2630	4121	4459	1442	1924	1760	4528	-44.164	-20.147
314	16	s20260603_171635125686_366	3	16	3650	2604	4134	4484	1418	1930	1700	4431	-44.164	-20.147
315	16	s20260603_171635125686_366	3	16	3706	2630	4118	4467	1448	1924	1772	4491	-44.164	-20.147
316	16	s20260603_171635125686_366	3	16	3614	2636	4149	4510	1414	1933	1705	4492	-44.164	-20.147
317	16	s20260603_171635125686_366	3	16	3584	2653	4219	4568	1414	1957	1629	4559	-44.164	-20.147
318	16	s20260603_171635125686_366	3	16	3555	2648	4383	4756	1438	1966	1654	4780	-44.165	-20.147
319	16	s20260603_171635125686_366	3	16	3679	2635	4129	4477	1425	1914	1704	4468	-44.164	-20.147
320	17	s20260603_171646609065_451	3	17	3248	2393	3982	4363	1344	1776	1537	4438	-44.173	-20.141
321	17	s20260603_171646609065_451	3	17	3237	2377	3864	4188	1347	1726	1566	4123	-44.173	-20.141
322	17	s20260603_171646609065_451	3	17	3132	2315	3934	4345	1314	1734	1482	4493	-44.173	-20.141
323	17	s20260603_171646609065_451	3	17	3217	2376	3892	4217	1325	1768	1526	4380	-44.173	-20.141
324	17	s20260603_171646609065_451	3	17	3232	2407	3947	4325	1357	1844	1540	4388	-44.173	-20.141
325	17	s20260603_171646609065_451	3	17	3261	2425	3767	4124	1367	1800	1586	4180	-44.173	-20.142
326	17	s20260603_171646609065_451	3	17	3252	2402	3958	4331	1348	1794	1551	4377	-44.173	-20.142
327	17	s20260603_171646609065_451	3	17	3235	2407	3938	4319	1364	1856	1558	4392	-44.173	-20.141
328	17	s20260603_171646609065_451	3	17	3237	2377	3864	4188	1347	1726	1566	4123	-44.173	-20.141
329	17	s20260603_171646609065_451	3	17	3251	2381	3871	4238	1349	1794	1561	4196	-44.173	-20.141
330	17	s20260603_171646609065_451	3	17	3237	2377	3864	4188	1347	1726	1566	4123	-44.173	-20.141
331	17	s20260603_171646609065_451	3	17	3207	2382	3811	4207	1358	1752	1556	4227	-44.173	-20.141
332	17	s20260603_171646609065_451	3	17	3254	2396	3929	4283	1353	1748	1526	4192	-44.173	-20.141
333	17	s20260603_171646609065_451	3	17	3221	2380	3907	4234	1342	1799	1528	4364	-44.173	-20.141
334	17	s20260603_171646609065_451	3	17	3252	2402	3958	4331	1348	1794	1551	4377	-44.173	-20.142
335	17	s20260603_171646609065_451	3	17	3234	2395	3994	4378	1347	1770	1522	4468	-44.173	-20.141
336	17	s20260603_171646609065_451	3	17	3252	2402	3958	4331	1348	1794	1551	4377	-44.173	-20.142
337	17	s20260603_171646609065_451	3	17	3191	2376	3809	4207	1363	1736	1575	4234	-44.173	-20.141
338	17	s20260603_171646609065_451	3	17	3201	2380	3939	4285	1338	1799	1513	4432	-44.173	-20.141
339	17	s20260603_171646609065_451	3	17	3239	2401	3931	4292	1357	1780	1546	4355	-44.173	-20.141
340	18	s20260603_171803537866_359	4	18	3026	2296	2446	2481	1450	1661	2056	2348	-44.144	-20.147
341	18	s20260603_171803537866_359	4	18	3014	2268	2417	2443	1418	1616	2008	2263	-44.144	-20.147
342	18	s20260603_171803537866_359	4	18	2949	2293	2411	2438	1480	1653	2068	2309	-44.144	-20.147
343	18	s20260603_171803537866_359	4	18	2944	2260	2402	2424	1490	1680	2074	2309	-44.144	-20.147
344	18	s20260603_171803537866_359	4	18	3001	2299	2418	2446	1507	1713	2112	2382	-44.144	-20.147
345	18	s20260603_171803537866_359	4	18	2942	2270	2424	2441	1460	1639	2002	2302	-44.144	-20.147
346	18	s20260603_171803537866_359	4	18	3042	2286	2433	2459	1505	1672	2104	2384	-44.144	-20.147
347	18	s20260603_171803537866_359	4	18	2869	2257	2407	2414	1502	1666	2038	2292	-44.144	-20.147
348	18	s20260603_171803537866_359	4	18	2944	2260	2402	2424	1490	1680	2074	2309	-44.144	-20.147
349	18	s20260603_171803537866_359	4	18	2908	2298	2416	2442	1452	1662	2076	2365	-44.144	-20.147
350	18	s20260603_171803537866_359	4	18	3001	2299	2418	2446	1507	1713	2112	2382	-44.144	-20.147
351	18	s20260603_171803537866_359	4	18	2914	2301	2414	2440	1493	1684	2098	2373	-44.144	-20.147
352	18	s20260603_171803537866_359	4	18	2816	2250	2384	2409	1496	1652	2080	2308	-44.144	-20.147
353	18	s20260603_171803537866_359	4	18	2964	2273	2408	2431	1501	1694	2106	2305	-44.144	-20.147
354	18	s20260603_171803537866_359	4	18	3039	2354	2437	2520	1510	1718	2140	2389	-44.145	-20.147
355	18	s20260603_171803537866_359	4	18	2859	2258	2414	2409	1425	1634	1990	2295	-44.144	-20.147
356	18	s20260603_171803537866_359	4	18	2872	2261	2382	2416	1491	1648	2064	2302	-44.144	-20.147
357	18	s20260603_171803537866_359	4	18	3001	2299	2418	2446	1507	1713	2112	2382	-44.144	-20.147
358	18	s20260603_171803537866_359	4	18	2942	2270	2424	2441	1460	1639	2002	2302	-44.144	-20.147
359	18	s20260603_171803537866_359	4	18	3069	2360	2462	2544	1522	1714	2136	2420	-44.144	-20.147
360	19	s20260603_171819955204_600	4	19	2912	2274	2404	2441	1462	1672	2136	2470	-44.157	-20.153
361	19	s20260603_171819955204_600	4	19	2843	2190	2340	2431	1270	1494	1934	2294	-44.157	-20.153
362	19	s20260603_171819955204_600	4	19	2872	2216	2335	2387	1392	1604	1992	2236	-44.157	-20.154
363	19	s20260603_171819955204_600	4	19	3038	2267	2443	2526	1446	1646	2108	2464	-44.157	-20.153
364	19	s20260603_171819955204_600	4	19	2957	2232	2377	2436	1405	1604	2084	2410	-44.157	-20.153
365	19	s20260603_171819955204_600	4	19	2804	2166	2329	2416	1393	1568	1977	2260	-44.157	-20.153
366	19	s20260603_171819955204_600	4	19	2872	2216	2335	2387	1392	1604	1992	2236	-44.157	-20.154
367	19	s20260603_171819955204_600	4	19	2919	2227	2372	2445	1359	1566	2013	2368	-44.157	-20.153
368	19	s20260603_171819955204_600	4	19	2804	2166	2329	2416	1393	1568	1977	2260	-44.157	-20.153
369	19	s20260603_171819955204_600	4	19	2843	2190	2340	2431	1270	1494	1934	2294	-44.157	-20.153
370	19	s20260603_171819955204_600	4	19	2882	2229	2356	2413	1421	1621	2020	2262	-44.157	-20.154
371	19	s20260603_171819955204_600	4	19	2922	2225	2402	2457	1396	1604	2024	2367	-44.157	-20.153
372	19	s20260603_171819955204_600	4	19	2854	2218	2349	2429	1327	1528	1982	2332	-44.157	-20.153
373	19	s20260603_171819955204_600	4	19	2854	2218	2349	2429	1327	1528	1982	2332	-44.157	-20.153
374	19	s20260603_171819955204_600	4	19	3034	2281	2432	2484	1388	1576	2088	2454	-44.157	-20.153
375	19	s20260603_171819955204_600	4	19	2896	2217	2357	2438	1325	1534	1972	2337	-44.157	-20.153
376	19	s20260603_171819955204_600	4	19	3038	2267	2443	2526	1446	1646	2108	2464	-44.157	-20.153
377	19	s20260603_171819955204_600	4	19	2931	2257	2383	2423	1434	1640	2072	2363	-44.157	-20.154
378	19	s20260603_171819955204_600	4	19	2858	2195	2333	2379	1392	1572	1978	2250	-44.157	-20.154
379	19	s20260603_171819955204_600	4	19	2791	2151	2307	2343	1316	1480	1908	2192	-44.156	-20.154
380	20	s20260603_171836967284_184	4	20	2997	2260	2388	2398	1446	1666	2090	2342	-44.146	-20.150
381	20	s20260603_171836967284_184	4	20	2790	2100	2211	2270	1397	1592	1952	2164	-44.147	-20.150
382	20	s20260603_171836967284_184	4	20	2912	2199	2294	2335	1402	1589	1977	2257	-44.146	-20.150
383	20	s20260603_171836967284_184	4	20	2823	2124	2282	2321	1418	1581	1888	2368	-44.147	-20.150
384	20	s20260603_171836967284_184	4	20	3043	2298	2422	2460	1472	1688	2086	2346	-44.146	-20.150
385	20	s20260603_171836967284_184	4	20	2666	2081	2188	2222	1402	1582	1928	2176	-44.147	-20.150
386	20	s20260603_171836967284_184	4	20	2938	2208	2326	2351	1429	1616	2005	2249	-44.146	-20.150
387	20	s20260603_171836967284_184	4	20	3038	2302	2435	2455	1495	1690	2128	2394	-44.146	-20.149
388	20	s20260603_171836967284_184	4	20	3042	2287	2412	2458	1495	1706	2140	2394	-44.146	-20.150
389	20	s20260603_171836967284_184	4	20	3055	2304	2406	2438	1506	1693	2132	2381	-44.146	-20.150
390	20	s20260603_171836967284_184	4	20	2986	2257	2363	2390	1530	1742	2162	2437	-44.147	-20.150
391	20	s20260603_171836967284_184	4	20	3005	2317	2423	2463	1532	1736	2128	2371	-44.146	-20.149
392	20	s20260603_171836967284_184	4	20	3015	2300	2391	2437	1525	1712	2132	2433	-44.147	-20.150
393	20	s20260603_171836967284_184	4	20	3033	2309	2414	2452	1516	1724	2114	2377	-44.147	-20.150
394	20	s20260603_171836967284_184	4	20	2985	2250	2369	2382	1450	1643	2010	2230	-44.146	-20.150
395	20	s20260603_171836967284_184	4	20	3051	2288	2411	2427	1474	1692	2086	2316	-44.146	-20.150
396	20	s20260603_171836967284_184	4	20	2994	2253	2371	2395	1468	1626	2042	2288	-44.146	-20.150
397	20	s20260603_171836967284_184	4	20	3043	2298	2422	2460	1472	1688	2086	2346	-44.146	-20.150
398	20	s20260603_171836967284_184	4	20	3022	2314	2441	2479	1524	1742	2124	2405	-44.146	-20.149
399	20	s20260603_171836967284_184	4	20	3069	2332	2423	2492	1450	1666	2098	2388	-44.146	-20.150
400	21	s20260603_171859902009_65	4	21	2973	2423	2529	2495	1399	1612	1972	2100	-44.123	-20.120
401	21	s20260603_171859902009_65	4	21	2146	1682	1749	1732	1271	1388	1543	1610	-44.123	-20.121
402	21	s20260603_171859902009_65	4	21	3049	2647	2679	2704	1628	1932	2516	2661	-44.124	-20.120
403	21	s20260603_171859902009_65	4	21	2891	2349	2400	2403	1349	1527	1867	1904	-44.123	-20.121
404	21	s20260603_171859902009_65	4	21	2527	2194	2199	2192	1455	1634	2008	2094	-44.124	-20.120
405	21	s20260603_171859902009_65	4	21	3255	2803	2911	2871	1572	1934	2726	2763	-44.123	-20.121
406	21	s20260603_171859902009_65	4	21	2426	1978	1907	2042	1288	1464	1684	1774	-44.124	-20.120
407	21	s20260603_171859902009_65	4	21	3710	3315	3362	3343	1722	2054	2970	3218	-44.125	-20.120
408	21	s20260603_171859902009_65	4	21	2445	2067	2111	2134	1398	1616	2016	2105	-44.123	-20.120
409	21	s20260603_171859902009_65	4	21	2570	2042	2132	2121	1391	1621	2012	2163	-44.123	-20.122
410	21	s20260603_171859902009_65	4	21	2727	2330	2359	2405	1595	1822	2450	2627	-44.124	-20.120
411	21	s20260603_171859902009_65	4	21	2646	2013	2065	2107	1361	1524	1850	1954	-44.123	-20.120
412	21	s20260603_171859902009_65	4	21	3790	3369	3420	3404	1700	2092	3048	3295	-44.125	-20.120
413	21	s20260603_171859902009_65	4	21	2537	2144	2183	2173	1411	1585	1946	2004	-44.124	-20.120
414	21	s20260603_171859902009_65	4	21	2581	2245	2279	2264	1511	1720	2078	2171	-44.124	-20.121
415	21	s20260603_171859902009_65	4	21	2757	2285	2358	2366	1472	1759	2250	2370	-44.123	-20.121
416	21	s20260603_171859902009_65	4	21	2313	1851	1890	1906	1351	1502	1748	1868	-44.123	-20.121
417	21	s20260603_171859902009_65	4	21	2393	1989	1899	2067	1250	1339	1488	1597	-44.124	-20.120
418	21	s20260603_171859902009_65	4	21	3223	2778	2858	2878	1666	2140	2912	3072	-44.123	-20.119
419	21	s20260603_171859902009_65	4	21	2143	1689	1748	1734	1284	1391	1558	1594	-44.123	-20.121
420	22	s20260603_172000324412_26	5	22	1518	2126	2320	2431	1422	1565	1993	2331	-44.211	-20.128
421	22	s20260603_172000324412_26	5	22	1482	2215	2360	2416	1554	1701	2110	2445	-44.212	-20.128
422	22	s20260603_172000324412_26	5	22	1553	2160	2281	2390	1378	1578	1954	2402	-44.211	-20.128
423	22	s20260603_172000324412_26	5	22	1539	2162	2276	2402	1444	1544	1986	2365	-44.211	-20.128
424	22	s20260603_172000324412_26	5	22	1548	2146	2282	2405	1274	1456	1872	2354	-44.211	-20.128
425	22	s20260603_172000324412_26	5	22	1531	2211	2374	2440	1384	1594	1990	2360	-44.212	-20.128
426	22	s20260603_172000324412_26	5	22	1548	2146	2282	2405	1274	1456	1872	2354	-44.211	-20.128
427	22	s20260603_172000324412_26	5	22	1505	2066	2242	2360	1265	1383	1800	2208	-44.211	-20.128
428	22	s20260603_172000324412_26	5	22	1482	2116	2281	2390	1367	1514	1900	2323	-44.211	-20.128
429	22	s20260603_172000324412_26	5	22	1480	2096	2243	2343	1296	1459	1888	2256	-44.211	-20.127
430	22	s20260603_172000324412_26	5	22	1632	2121	2313	2447	1226	1366	1824	2250	-44.211	-20.128
431	22	s20260603_172000324412_26	5	22	1513	2156	2282	2408	1314	1472	1898	2343	-44.211	-20.128
432	22	s20260603_172000324412_26	5	22	1482	2116	2281	2390	1367	1514	1900	2323	-44.211	-20.128
433	22	s20260603_172000324412_26	5	22	1552	2122	2264	2385	1298	1470	1902	2234	-44.211	-20.127
434	22	s20260603_172000324412_26	5	22	1595	2158	2287	2400	1507	1602	2012	2321	-44.211	-20.128
435	22	s20260603_172000324412_26	5	22	1643	2078	2304	2441	1197	1380	1790	2255	-44.211	-20.128
436	22	s20260603_172000324412_26	5	22	1482	2116	2281	2390	1367	1514	1900	2323	-44.211	-20.128
437	22	s20260603_172000324412_26	5	22	1441	2166	2299	2357	1454	1602	1990	2339	-44.212	-20.128
438	22	s20260603_172000324412_26	5	22	1555	2135	2282	2415	1262	1418	1858	2250	-44.211	-20.128
439	22	s20260603_172000324412_26	5	22	1482	2116	2281	2390	1367	1514	1900	2323	-44.211	-20.128
440	23	s20260603_172011066970_323	5	23	1361	1934	2067	2209	1199	1349	1714	1965	-44.213	-20.135
441	23	s20260603_172011066970_323	5	23	1316	1920	1946	2038	1159	1324	1697	1974	-44.213	-20.135
442	23	s20260603_172011066970_323	5	23	1444	1936	2179	2315	1176	1320	1718	2032	-44.213	-20.135
443	23	s20260603_172011066970_323	5	23	1462	1868	2077	2208	1172	1323	1682	1953	-44.213	-20.135
444	23	s20260603_172011066970_323	5	23	1316	1920	1946	2038	1159	1324	1697	1974	-44.213	-20.135
445	23	s20260603_172011066970_323	5	23	1457	1940	2154	2308	1172	1330	1708	1956	-44.213	-20.135
446	23	s20260603_172011066970_323	5	23	1328	1921	2063	2152	1182	1323	1715	2053	-44.213	-20.135
447	23	s20260603_172011066970_323	5	23	1361	1934	2067	2209	1199	1349	1714	1965	-44.213	-20.135
448	23	s20260603_172011066970_323	5	23	1332	1926	1989	2080	1173	1332	1711	1965	-44.213	-20.135
449	23	s20260603_172011066970_323	5	23	1358	1937	2092	2201	1203	1331	1712	2068	-44.213	-20.135
450	23	s20260603_172011066970_323	5	23	1599	1966	2383	2590	1164	1328	1700	2079	-44.213	-20.135
451	23	s20260603_172011066970_323	5	23	1668	1976	2492	2717	1174	1353	1692	2065	-44.213	-20.135
452	23	s20260603_172011066970_323	5	23	1332	1926	1989	2080	1173	1332	1711	1965	-44.213	-20.135
453	23	s20260603_172011066970_323	5	23	1350	1923	2009	2171	1177	1352	1708	1947	-44.213	-20.135
454	23	s20260603_172011066970_323	5	23	1332	1926	1989	2080	1173	1332	1711	1965	-44.213	-20.135
455	23	s20260603_172011066970_323	5	23	1553	1948	2211	2379	1176	1334	1700	1947	-44.213	-20.135
456	23	s20260603_172011066970_323	5	23	1398	1937	2130	2287	1192	1348	1716	2001	-44.213	-20.135
457	23	s20260603_172011066970_323	5	23	1444	1936	2179	2315	1176	1320	1718	2032	-44.213	-20.135
458	23	s20260603_172011066970_323	5	23	1361	1899	1981	2140	1177	1340	1718	1946	-44.213	-20.135
459	23	s20260603_172011066970_323	5	23	1332	1926	1989	2080	1173	1332	1711	1965	-44.213	-20.135
460	24	s20260603_172027015327_824	5	24	1443	1919	2083	2219	1176	1335	1742	2086	-44.206	-20.134
461	24	s20260603_172027015327_824	5	24	1448	1963	2148	2257	1165	1330	1756	2151	-44.206	-20.134
462	24	s20260603_172027015327_824	5	24	1462	1934	2156	2285	1162	1336	1724	2086	-44.206	-20.134
463	24	s20260603_172027015327_824	5	24	1505	1949	2170	2312	1195	1344	1766	2209	-44.206	-20.134
464	24	s20260603_172027015327_824	5	24	1452	2003	2150	2283	1166	1334	1766	2256	-44.206	-20.134
465	24	s20260603_172027015327_824	5	24	1508	1971	2150	2261	1186	1325	1738	2097	-44.206	-20.134
466	24	s20260603_172027015327_824	5	24	1460	1972	2158	2275	1157	1316	1732	2157	-44.206	-20.134
467	24	s20260603_172027015327_824	5	24	1452	2003	2150	2283	1166	1334	1766	2256	-44.206	-20.134
468	24	s20260603_172027015327_824	5	24	1559	1942	2342	2492	1185	1374	1832	2387	-44.206	-20.134
469	24	s20260603_172027015327_824	5	24	1448	1963	2148	2257	1165	1330	1756	2151	-44.206	-20.134
470	24	s20260603_172027015327_824	5	24	1460	1972	2158	2275	1157	1316	1732	2157	-44.206	-20.134
471	24	s20260603_172027015327_824	5	24	1501	1886	2182	2359	1155	1324	1716	2107	-44.206	-20.134
472	24	s20260603_172027015327_824	5	24	1448	1963	2148	2257	1165	1330	1756	2151	-44.206	-20.134
473	24	s20260603_172027015327_824	5	24	1505	1949	2170	2312	1195	1344	1766	2209	-44.206	-20.134
474	24	s20260603_172027015327_824	5	24	1465	2023	2258	2400	1176	1362	1842	2284	-44.206	-20.134
475	24	s20260603_172027015327_824	5	24	1483	1985	2253	2410	1172	1360	1800	2298	-44.206	-20.134
476	24	s20260603_172027015327_824	5	24	1452	2003	2150	2283	1166	1334	1766	2256	-44.206	-20.134
477	24	s20260603_172027015327_824	5	24	1452	2003	2150	2283	1166	1334	1766	2256	-44.206	-20.134
478	24	s20260603_172027015327_824	5	24	1460	1972	2158	2275	1157	1316	1732	2157	-44.206	-20.134
479	24	s20260603_172027015327_824	5	24	1519	1846	2175	2332	1156	1304	1698	2127	-44.206	-20.134
480	25	s20260603_172115089273_81	5	25	1758	1873	2517	2848	1130	1299	1612	2354	-44.194	-20.142
481	25	s20260603_172115089273_81	5	25	1650	1922	2398	2621	1153	1317	1726	2198	-44.194	-20.142
482	25	s20260603_172115089273_81	5	25	1598	1825	2276	2437	1148	1306	1648	2157	-44.194	-20.142
483	25	s20260603_172115089273_81	5	25	1641	1887	2368	2615	1179	1324	1696	2210	-44.194	-20.142
484	25	s20260603_172115089273_81	5	25	1649	1926	2357	2505	1180	1325	1764	2248	-44.194	-20.142
485	25	s20260603_172115089273_81	5	25	1660	1878	2356	2673	1154	1296	1662	2192	-44.195	-20.142
486	25	s20260603_172115089273_81	5	25	1610	1883	2327	2610	1141	1290	1666	2202	-44.195	-20.142
487	25	s20260603_172115089273_81	5	25	1606	1887	2330	2555	1180	1301	1708	2230	-44.194	-20.142
488	25	s20260603_172115089273_81	5	25	1658	1915	2393	2659	1148	1306	1720	2236	-44.194	-20.142
489	25	s20260603_172115089273_81	5	25	1663	1912	2387	2692	1188	1354	1745	2203	-44.194	-20.142
490	25	s20260603_172115089273_81	5	25	1603	1891	2285	2451	1178	1340	1750	2219	-44.194	-20.142
491	25	s20260603_172115089273_81	5	25	1710	1941	2375	2517	1248	1419	1822	2336	-44.193	-20.142
492	25	s20260603_172115089273_81	5	25	1603	1887	2265	2549	1146	1317	1712	2179	-44.195	-20.142
493	25	s20260603_172115089273_81	5	25	1603	1891	2285	2451	1178	1340	1750	2219	-44.194	-20.142
494	25	s20260603_172115089273_81	5	25	1772	1939	2545	2869	1182	1354	1708	2368	-44.194	-20.142
495	25	s20260603_172115089273_81	5	25	1649	1926	2357	2505	1180	1325	1764	2248	-44.194	-20.142
496	25	s20260603_172115089273_81	5	25	1598	1881	2321	2488	1154	1334	1737	2266	-44.194	-20.142
497	25	s20260603_172115089273_81	5	25	1598	1881	2321	2488	1154	1334	1737	2266	-44.194	-20.142
498	25	s20260603_172115089273_81	5	25	1691	1901	2426	2744	1161	1298	1714	2132	-44.194	-20.142
499	25	s20260603_172115089273_81	5	25	1653	1922	2377	2676	1190	1342	1753	2214	-44.194	-20.142
